"Project","ScanDate","DependencyName","DependencyPath","Description","License","Md5","Sha1","Identifiers","CPE","CVE","CWE","Vulnerability","Source","CVSSv2_Severity","CVSSv2_Score","CVSSv2","CVSSv3_BaseSeverity","CVSSv3_BaseScore","CVSSv3","CPE Confidence","Evidence Count"
scadenzaassistenza,"Mon, 30 May 2022 17:14:35 +0200",commons-io-2.5.jar,C:\Users\2038\Desktop\Desktop\GitHub\SCEREV\export\scadenzaassistenza\lib\commons-io-2.5.jar,"The Apache Commons IO library contains utility classes, stream implementations, file filters,  file comparators, endian transformation classes, and much more.",http://www.apache.org/licenses/LICENSE-2.0.txt,affa7b33f76464c0f79d4d1225b705a5,b24f6678d458e65f08113a079e3724581eca1184,pkg:maven/commons-io/commons-io@2.5,cpe:2.3:a:apache:commons_io:2.5:*:*:*:*:*:*:*,CVE-2021-29425,CWE-22 Improper Limitation of a Pathname to a Restricted Directory ('Path Traversal'),"In Apache Commons IO before 2.7, When invoking the method FileNameUtils.normalize with an improper input string, like ""//../foo"", or ""\\..\foo"", the result would be the same value, thus possibly providing access to files in the parent directory, but not further above (thus ""limited"" path traversal), if the calling code would use the result to construct a path value.",NVD,MEDIUM,5.8,/AV:N/AC:M/Au:N/C:P/I:P/A:N,MEDIUM,4.8,CVSS:3.1/AV:N/AC:H/PR:N/UI:N/S:U/C:L/I:L/A:N,HIGH,118
scadenzaassistenza,"Mon, 30 May 2022 17:14:35 +0200",httpclient-4.5.4.jar,C:\Users\2038\Desktop\Desktop\GitHub\SCEREV\export\scadenzaassistenza\lib\httpclient-4.5.4.jar,Apache HttpComponents Client,"",77fe929419328328d91c4acda35ac537,2f8a3c0c53550b237d8f7a98a417397395af8b80,pkg:maven/org.apache.httpcomponents/httpclient@4.5.4,cpe:2.3:a:apache:httpclient:4.5.4:*:*:*:*:*:*:*,CVE-2020-13956,NVD-CWE-noinfo,Apache HttpClient versions prior to version 4.5.13 and 5.0.3 can misinterpret malformed authority component in request URIs passed to the library as java.net.URI object and pick the wrong target host for request execution.,NVD,MEDIUM,5.0,/AV:N/AC:L/Au:N/C:N/I:P/A:N,MEDIUM,5.3,CVSS:3.1/AV:N/AC:L/PR:N/UI:N/S:U/C:N/I:L/A:N,HIGH,33
scadenzaassistenza,"Mon, 30 May 2022 17:14:35 +0200",jackson-mapper-asl-1.9.13.jar,C:\Users\2038\Desktop\Desktop\GitHub\SCEREV\export\scadenzaassistenza\lib\jackson-mapper-asl-1.9.13.jar,Data Mapper package is a high-performance data binding package built on Jackson JSON processor,"The Apache Software License, Version 2.0: http://www.apache.org/licenses/LICENSE-2.0.txt",1750f9c339352fc4b728d61b57171613,1ee2f2bed0e5dd29d1cb155a166e6f8d50bbddb7,pkg:maven/org.codehaus.jackson/jackson-mapper-asl@1.9.13,cpe:2.3:a:fasterxml:jackson-mapper-asl:1.9.13:*:*:*:*:*:*:*,CVE-2017-7525,CWE-184 Incomplete Blacklist,"A deserialization flaw was discovered in the jackson-databind, versions before 2.6.7.1, 2.7.9.1 and 2.8.9, which could allow an unauthenticated user to perform code execution by sending the maliciously crafted input to the readValue method of the ObjectMapper.",OSSINDEX,HIGH,9.8,/AV:N/AC:L/Au:/C:H/I:H/A:H,"","","",HIGH,42
scadenzaassistenza,"Mon, 30 May 2022 17:14:35 +0200",jackson-mapper-asl-1.9.13.jar,C:\Users\2038\Desktop\Desktop\GitHub\SCEREV\export\scadenzaassistenza\lib\jackson-mapper-asl-1.9.13.jar,Data Mapper package is a high-performance data binding package built on Jackson JSON processor,"The Apache Software License, Version 2.0: http://www.apache.org/licenses/LICENSE-2.0.txt",1750f9c339352fc4b728d61b57171613,1ee2f2bed0e5dd29d1cb155a166e6f8d50bbddb7,pkg:maven/org.codehaus.jackson/jackson-mapper-asl@1.9.13,cpe:2.3:a:fasterxml:jackson-mapper-asl:1.9.13:*:*:*:*:*:*:*,CVE-2019-10172,CWE-611 Improper Restriction of XML External Entity Reference ('XXE'),A flaw was found in org.codehaus.jackson:jackson-mapper-asl:1.9.x libraries. XML external entity vulnerabilities similar CVE-2016-3720 also affects codehaus jackson-mapper-asl libraries but in different classes.,NVD,MEDIUM,5.0,/AV:N/AC:L/Au:N/C:N/I:P/A:N,HIGH,7.5,CVSS:3.1/AV:N/AC:L/PR:N/UI:N/S:U/C:N/I:H/A:N,HIGH,42
scadenzaassistenza,"Mon, 30 May 2022 17:14:35 +0200",log4j-1.2.14.jar,C:\Users\2038\Desktop\Desktop\GitHub\SCEREV\export\scadenzaassistenza\lib\log4j-1.2.14.jar,Log4j,"The Apache Software License, Version 2.0: http://www.apache.org/licenses/LICENSE-2.0.txt",599b8ba07d1d04f0ea34414e861d7ad1,03b254c872b95141751f414e353a25c2ac261b51,pkg:maven/log4j/log4j@1.2.14,cpe:2.3:a:apache:log4j:1.2.14:*:*:*:*:*:*:*,CVE-2019-17571,CWE-502 Deserialization of Untrusted Data,Included in Log4j 1.2 is a SocketServer class that is vulnerable to deserialization of untrusted data which can be exploited to remotely execute arbitrary code when combined with a deserialization gadget when listening to untrusted network traffic for log data. This affects Log4j versions up to 1.2 up to 1.2.17.,NVD,HIGH,7.5,/AV:N/AC:L/Au:N/C:P/I:P/A:P,CRITICAL,9.8,CVSS:3.1/AV:N/AC:L/PR:N/UI:N/S:U/C:H/I:H/A:H,HIGH,28
scadenzaassistenza,"Mon, 30 May 2022 17:14:35 +0200",log4j-1.2.14.jar,C:\Users\2038\Desktop\Desktop\GitHub\SCEREV\export\scadenzaassistenza\lib\log4j-1.2.14.jar,Log4j,"The Apache Software License, Version 2.0: http://www.apache.org/licenses/LICENSE-2.0.txt",599b8ba07d1d04f0ea34414e861d7ad1,03b254c872b95141751f414e353a25c2ac261b51,pkg:maven/log4j/log4j@1.2.14,cpe:2.3:a:apache:log4j:1.2.14:*:*:*:*:*:*:*,CVE-2020-9493,CWE-502 Deserialization of Untrusted Data,A deserialization flaw was found in Apache Chainsaw versions prior to 2.1.0 which could lead to malicious code execution.,NVD,MEDIUM,6.8,/AV:N/AC:M/Au:N/C:P/I:P/A:P,CRITICAL,9.8,CVSS:3.1/AV:N/AC:L/PR:N/UI:N/S:U/C:H/I:H/A:H,HIGH,28
scadenzaassistenza,"Mon, 30 May 2022 17:14:35 +0200",log4j-1.2.14.jar,C:\Users\2038\Desktop\Desktop\GitHub\SCEREV\export\scadenzaassistenza\lib\log4j-1.2.14.jar,Log4j,"The Apache Software License, Version 2.0: http://www.apache.org/licenses/LICENSE-2.0.txt",599b8ba07d1d04f0ea34414e861d7ad1,03b254c872b95141751f414e353a25c2ac261b51,pkg:maven/log4j/log4j@1.2.14,cpe:2.3:a:apache:log4j:1.2.14:*:*:*:*:*:*:*,CVE-2022-23305,CWE-89 Improper Neutralization of Special Elements used in an SQL Command ('SQL Injection'),"By design, the JDBCAppender in Log4j 1.2.x accepts an SQL statement as a configuration parameter where the values to be inserted are converters from PatternLayout. The message converter, %m, is likely to always be included. This allows attackers to manipulate the SQL by entering crafted strings into input fields or headers of an application that are logged allowing unintended SQL queries to be executed. Note this issue only affects Log4j 1.x when specifically configured to use the JDBCAppender, which is not the default. Beginning in version 2.0-beta8, the JDBCAppender was re-introduced with proper support for parameterized SQL queries and further customization over the columns written to in logs. Apache Log4j 1.2 reached end of life in August 2015. Users should upgrade to Log4j 2 as it addresses numerous other issues from the previous versions.",NVD,MEDIUM,6.8,/AV:N/AC:M/Au:N/C:P/I:P/A:P,CRITICAL,9.8,CVSS:3.1/AV:N/AC:L/PR:N/UI:N/S:U/C:H/I:H/A:H,HIGH,28
scadenzaassistenza,"Mon, 30 May 2022 17:14:35 +0200",log4j-1.2.14.jar,C:\Users\2038\Desktop\Desktop\GitHub\SCEREV\export\scadenzaassistenza\lib\log4j-1.2.14.jar,Log4j,"The Apache Software License, Version 2.0: http://www.apache.org/licenses/LICENSE-2.0.txt",599b8ba07d1d04f0ea34414e861d7ad1,03b254c872b95141751f414e353a25c2ac261b51,pkg:maven/log4j/log4j@1.2.14,cpe:2.3:a:apache:log4j:1.2.14:*:*:*:*:*:*:*,CVE-2022-23302,CWE-502 Deserialization of Untrusted Data,"JMSSink in all versions of Log4j 1.x is vulnerable to deserialization of untrusted data when the attacker has write access to the Log4j configuration or if the configuration references an LDAP service the attacker has access to. The attacker can provide a TopicConnectionFactoryBindingName configuration causing JMSSink to perform JNDI requests that result in remote code execution in a similar fashion to CVE-2021-4104. Note this issue only affects Log4j 1.x when specifically configured to use JMSSink, which is not the default. Apache Log4j 1.2 reached end of life in August 2015. Users should upgrade to Log4j 2 as it addresses numerous other issues from the previous versions.",NVD,MEDIUM,6.0,/AV:N/AC:M/Au:S/C:P/I:P/A:P,HIGH,8.8,CVSS:3.1/AV:N/AC:L/PR:L/UI:N/S:U/C:H/I:H/A:H,HIGH,28
scadenzaassistenza,"Mon, 30 May 2022 17:14:35 +0200",log4j-1.2.14.jar,C:\Users\2038\Desktop\Desktop\GitHub\SCEREV\export\scadenzaassistenza\lib\log4j-1.2.14.jar,Log4j,"The Apache Software License, Version 2.0: http://www.apache.org/licenses/LICENSE-2.0.txt",599b8ba07d1d04f0ea34414e861d7ad1,03b254c872b95141751f414e353a25c2ac261b51,pkg:maven/log4j/log4j@1.2.14,cpe:2.3:a:apache:log4j:1.2.14:*:*:*:*:*:*:*,CVE-2022-23307,CWE-502 Deserialization of Untrusted Data,CVE-2020-9493 identified a deserialization issue that was present in Apache Chainsaw. Prior to Chainsaw V2.0 Chainsaw was a component of Apache Log4j 1.2.x where the same issue exists.,NVD,HIGH,9.0,/AV:N/AC:L/Au:S/C:C/I:C/A:C,HIGH,8.8,CVSS:3.1/AV:N/AC:L/PR:L/UI:N/S:U/C:H/I:H/A:H,HIGH,28
scadenzaassistenza,"Mon, 30 May 2022 17:14:35 +0200",log4j-1.2.14.jar,C:\Users\2038\Desktop\Desktop\GitHub\SCEREV\export\scadenzaassistenza\lib\log4j-1.2.14.jar,Log4j,"The Apache Software License, Version 2.0: http://www.apache.org/licenses/LICENSE-2.0.txt",599b8ba07d1d04f0ea34414e861d7ad1,03b254c872b95141751f414e353a25c2ac261b51,pkg:maven/log4j/log4j@1.2.14,cpe:2.3:a:apache:log4j:1.2.14:*:*:*:*:*:*:*,CVE-2021-4104,CWE-502 Deserialization of Untrusted Data,"JMSAppender in Log4j 1.2 is vulnerable to deserialization of untrusted data when the attacker has write access to the Log4j configuration. The attacker can provide TopicBindingName and TopicConnectionFactoryBindingName configurations causing JMSAppender to perform JNDI requests that result in remote code execution in a similar fashion to CVE-2021-44228. Note this issue only affects Log4j 1.2 when specifically configured to use JMSAppender, which is not the default. Apache Log4j 1.2 reached end of life in August 2015. Users should upgrade to Log4j 2 as it addresses numerous other issues from the previous versions.",OSSINDEX,HIGH,7.5,/AV:N/AC:H/Au:/C:H/I:H/A:H,"","","",HIGH,28
scadenzaassistenza,"Mon, 30 May 2022 17:14:35 +0200",postgresql-9.4-1201.jdbc4.jar,C:\Users\2038\Desktop\Desktop\GitHub\SCEREV\export\scadenzaassistenza\lib\postgresql-9.4-1201.jdbc4.jar,"","",42200af7dcc45451450e1ec6104b7336,b46544ef0eaf0405504089dcc71f36e3f190ef09,"","cpe:2.3:a:postgresql:postgresql:9.4.0:*:*:*:*:*:*:*, cpe:2.3:a:postgresql:postgresql_jdbc_driver:9.4.1201:*:*:*:*:*:*:*",CVE-2015-0244,CWE-89 Improper Neutralization of Special Elements used in an SQL Command ('SQL Injection'),"PostgreSQL before 9.0.19, 9.1.x before 9.1.15, 9.2.x before 9.2.10, 9.3.x before 9.3.6, and 9.4.x before 9.4.1 does not properly handle errors while reading a protocol message, which allows remote attackers to conduct SQL injection attacks via crafted binary data in a parameter and causing an error, which triggers the loss of synchronization and part of the protocol message to be treated as a new message, as demonstrated by causing a timeout or query cancellation.",NVD,HIGH,7.5,/AV:N/AC:L/Au:N/C:P/I:P/A:P,CRITICAL,9.8,CVSS:3.1/AV:N/AC:L/PR:N/UI:N/S:U/C:H/I:H/A:H,"",15
scadenzaassistenza,"Mon, 30 May 2022 17:14:35 +0200",postgresql-9.4-1201.jdbc4.jar,C:\Users\2038\Desktop\Desktop\GitHub\SCEREV\export\scadenzaassistenza\lib\postgresql-9.4-1201.jdbc4.jar,"","",42200af7dcc45451450e1ec6104b7336,b46544ef0eaf0405504089dcc71f36e3f190ef09,"","cpe:2.3:a:postgresql:postgresql:9.4.0:*:*:*:*:*:*:*, cpe:2.3:a:postgresql:postgresql_jdbc_driver:9.4.1201:*:*:*:*:*:*:*",CVE-2015-3166,CWE-119 Improper Restriction of Operations within the Bounds of a Memory Buffer,"The snprintf implementation in PostgreSQL before 9.0.20, 9.1.x before 9.1.16, 9.2.x before 9.2.11, 9.3.x before 9.3.7, and 9.4.x before 9.4.2 does not properly handle system-call errors, which allows attackers to obtain sensitive information or have other unspecified impact via unknown vectors, as demonstrated by an out-of-memory error.",NVD,HIGH,7.5,/AV:N/AC:L/Au:N/C:P/I:P/A:P,CRITICAL,9.8,CVSS:3.1/AV:N/AC:L/PR:N/UI:N/S:U/C:H/I:H/A:H,"",15
scadenzaassistenza,"Mon, 30 May 2022 17:14:35 +0200",postgresql-9.4-1201.jdbc4.jar,C:\Users\2038\Desktop\Desktop\GitHub\SCEREV\export\scadenzaassistenza\lib\postgresql-9.4-1201.jdbc4.jar,"","",42200af7dcc45451450e1ec6104b7336,b46544ef0eaf0405504089dcc71f36e3f190ef09,"","cpe:2.3:a:postgresql:postgresql:9.4.0:*:*:*:*:*:*:*, cpe:2.3:a:postgresql:postgresql_jdbc_driver:9.4.1201:*:*:*:*:*:*:*",CVE-2018-16850,CWE-89 Improper Neutralization of Special Elements used in an SQL Command ('SQL Injection'),"postgresql before versions 11.1, 10.6 is vulnerable to a to SQL injection in pg_upgrade and pg_dump via CREATE TRIGGER ... REFERENCING. Using a purpose-crafted trigger definition, an attacker can cause arbitrary SQL statements to run, with superuser privileges.",NVD,HIGH,7.5,/AV:N/AC:L/Au:N/C:P/I:P/A:P,CRITICAL,9.8,CVSS:3.0/AV:N/AC:L/PR:N/UI:N/S:U/C:H/I:H/A:H,"",15
scadenzaassistenza,"Mon, 30 May 2022 17:14:35 +0200",postgresql-9.4-1201.jdbc4.jar,C:\Users\2038\Desktop\Desktop\GitHub\SCEREV\export\scadenzaassistenza\lib\postgresql-9.4-1201.jdbc4.jar,"","",42200af7dcc45451450e1ec6104b7336,b46544ef0eaf0405504089dcc71f36e3f190ef09,"","cpe:2.3:a:postgresql:postgresql:9.4.0:*:*:*:*:*:*:*, cpe:2.3:a:postgresql:postgresql_jdbc_driver:9.4.1201:*:*:*:*:*:*:*",CVE-2019-10211,NVD-CWE-noinfo,"Postgresql Windows installer before versions 11.5, 10.10, 9.6.15, 9.5.19, 9.4.24 is vulnerable via bundled OpenSSL executing code from unprotected directory.",NVD,HIGH,7.5,/AV:N/AC:L/Au:N/C:P/I:P/A:P,CRITICAL,9.8,CVSS:3.1/AV:N/AC:L/PR:N/UI:N/S:U/C:H/I:H/A:H,"",15
scadenzaassistenza,"Mon, 30 May 2022 17:14:35 +0200",postgresql-9.4-1201.jdbc4.jar,C:\Users\2038\Desktop\Desktop\GitHub\SCEREV\export\scadenzaassistenza\lib\postgresql-9.4-1201.jdbc4.jar,"","",42200af7dcc45451450e1ec6104b7336,b46544ef0eaf0405504089dcc71f36e3f190ef09,"","cpe:2.3:a:postgresql:postgresql:9.4.0:*:*:*:*:*:*:*, cpe:2.3:a:postgresql:postgresql_jdbc_driver:9.4.1201:*:*:*:*:*:*:*",CVE-2022-21724,CWE-665 Improper Initialization,"pgjdbc is the offical PostgreSQL JDBC Driver. A security hole was found in the jdbc driver for postgresql database while doing security research. The system using the postgresql library will be attacked when attacker control the jdbc url or properties. pgjdbc instantiates plugin instances based on class names provided via `authenticationPluginClassName`, `sslhostnameverifier`, `socketFactory`, `sslfactory`, `sslpasswordcallback` connection properties. However, the driver did not verify if the class implements the expected interface before instantiating the class. This can lead to code execution loaded via arbitrary classes. Users using plugins are advised to upgrade. There are no known workarounds for this issue.",NVD,HIGH,7.5,/AV:N/AC:L/Au:N/C:P/I:P/A:P,CRITICAL,9.8,CVSS:3.1/AV:N/AC:L/PR:N/UI:N/S:U/C:H/I:H/A:H,"",15
scadenzaassistenza,"Mon, 30 May 2022 17:14:35 +0200",postgresql-9.4-1201.jdbc4.jar,C:\Users\2038\Desktop\Desktop\GitHub\SCEREV\export\scadenzaassistenza\lib\postgresql-9.4-1201.jdbc4.jar,"","",42200af7dcc45451450e1ec6104b7336,b46544ef0eaf0405504089dcc71f36e3f190ef09,"","cpe:2.3:a:postgresql:postgresql:9.4.0:*:*:*:*:*:*:*, cpe:2.3:a:postgresql:postgresql_jdbc_driver:9.4.1201:*:*:*:*:*:*:*",CVE-2018-1115,CWE-732 Incorrect Permission Assignment for Critical Resource,"postgresql before versions 10.4, 9.6.9 is vulnerable in the adminpack extension, the pg_catalog.pg_logfile_rotate() function doesn't follow the same ACLs than pg_rorate_logfile. If the adminpack is added to a database, an attacker able to connect to it could exploit this to force log rotation.",NVD,MEDIUM,6.4,/AV:N/AC:L/Au:N/C:N/I:P/A:P,CRITICAL,9.1,CVSS:3.1/AV:N/AC:L/PR:N/UI:N/S:U/C:N/I:H/A:H,"",15
scadenzaassistenza,"Mon, 30 May 2022 17:14:35 +0200",postgresql-9.4-1201.jdbc4.jar,C:\Users\2038\Desktop\Desktop\GitHub\SCEREV\export\scadenzaassistenza\lib\postgresql-9.4-1201.jdbc4.jar,"","",42200af7dcc45451450e1ec6104b7336,b46544ef0eaf0405504089dcc71f36e3f190ef09,"","cpe:2.3:a:postgresql:postgresql:9.4.0:*:*:*:*:*:*:*, cpe:2.3:a:postgresql:postgresql_jdbc_driver:9.4.1201:*:*:*:*:*:*:*",CVE-2015-0241,CWE-120 Buffer Copy without Checking Size of Input ('Classic Buffer Overflow'),"The to_char function in PostgreSQL before 9.0.19, 9.1.x before 9.1.15, 9.2.x before 9.2.10, 9.3.x before 9.3.6, and 9.4.x before 9.4.1 allows remote authenticated users to cause a denial of service (crash) or possibly execute arbitrary code via a (1) large number of digits when processing a numeric formatting template, which triggers a buffer over-read, or (2) crafted timestamp formatting template, which triggers a buffer overflow.",NVD,MEDIUM,6.5,/AV:N/AC:L/Au:S/C:P/I:P/A:P,HIGH,8.8,CVSS:3.1/AV:N/AC:L/PR:L/UI:N/S:U/C:H/I:H/A:H,"",15
scadenzaassistenza,"Mon, 30 May 2022 17:14:35 +0200",postgresql-9.4-1201.jdbc4.jar,C:\Users\2038\Desktop\Desktop\GitHub\SCEREV\export\scadenzaassistenza\lib\postgresql-9.4-1201.jdbc4.jar,"","",42200af7dcc45451450e1ec6104b7336,b46544ef0eaf0405504089dcc71f36e3f190ef09,"","cpe:2.3:a:postgresql:postgresql:9.4.0:*:*:*:*:*:*:*, cpe:2.3:a:postgresql:postgresql_jdbc_driver:9.4.1201:*:*:*:*:*:*:*",CVE-2015-0242,CWE-787 Out-of-bounds Write,"Stack-based buffer overflow in the *printf function implementations in PostgreSQL before 9.0.19, 9.1.x before 9.1.15, 9.2.x before 9.2.10, 9.3.x before 9.3.6, and 9.4.x before 9.4.1, when running on a Windows system, allows remote authenticated users to cause a denial of service (crash) and possibly execute arbitrary code via a floating point number with a large precision, as demonstrated by using the to_char function.",NVD,MEDIUM,6.5,/AV:N/AC:L/Au:S/C:P/I:P/A:P,HIGH,8.8,CVSS:3.1/AV:N/AC:L/PR:L/UI:N/S:U/C:H/I:H/A:H,"",15
scadenzaassistenza,"Mon, 30 May 2022 17:14:35 +0200",postgresql-9.4-1201.jdbc4.jar,C:\Users\2038\Desktop\Desktop\GitHub\SCEREV\export\scadenzaassistenza\lib\postgresql-9.4-1201.jdbc4.jar,"","",42200af7dcc45451450e1ec6104b7336,b46544ef0eaf0405504089dcc71f36e3f190ef09,"","cpe:2.3:a:postgresql:postgresql:9.4.0:*:*:*:*:*:*:*, cpe:2.3:a:postgresql:postgresql_jdbc_driver:9.4.1201:*:*:*:*:*:*:*",CVE-2015-0243,CWE-120 Buffer Copy without Checking Size of Input ('Classic Buffer Overflow'),"Multiple buffer overflows in contrib/pgcrypto in PostgreSQL before 9.0.19, 9.1.x before 9.1.15, 9.2.x before 9.2.10, 9.3.x before 9.3.6, and 9.4.x before 9.4.1 allow remote authenticated users to cause a denial of service (crash) and possibly execute arbitrary code via unspecified vectors.",NVD,MEDIUM,6.5,/AV:N/AC:L/Au:S/C:P/I:P/A:P,HIGH,8.8,CVSS:3.1/AV:N/AC:L/PR:L/UI:N/S:U/C:H/I:H/A:H,"",15
scadenzaassistenza,"Mon, 30 May 2022 17:14:35 +0200",postgresql-9.4-1201.jdbc4.jar,C:\Users\2038\Desktop\Desktop\GitHub\SCEREV\export\scadenzaassistenza\lib\postgresql-9.4-1201.jdbc4.jar,"","",42200af7dcc45451450e1ec6104b7336,b46544ef0eaf0405504089dcc71f36e3f190ef09,"","cpe:2.3:a:postgresql:postgresql:9.4.0:*:*:*:*:*:*:*, cpe:2.3:a:postgresql:postgresql_jdbc_driver:9.4.1201:*:*:*:*:*:*:*",CVE-2018-1058,NVD-CWE-noinfo,A flaw was found in the way Postgresql allowed a user to modify the behavior of a query for other users. An attacker with a user account could use this flaw to execute code with the permissions of superuser in the database. Versions 9.3 through 10 are affected.,NVD,MEDIUM,6.5,/AV:N/AC:L/Au:S/C:P/I:P/A:P,HIGH,8.8,CVSS:3.0/AV:N/AC:L/PR:L/UI:N/S:U/C:H/I:H/A:H,"",15
scadenzaassistenza,"Mon, 30 May 2022 17:14:35 +0200",postgresql-9.4-1201.jdbc4.jar,C:\Users\2038\Desktop\Desktop\GitHub\SCEREV\export\scadenzaassistenza\lib\postgresql-9.4-1201.jdbc4.jar,"","",42200af7dcc45451450e1ec6104b7336,b46544ef0eaf0405504089dcc71f36e3f190ef09,"","cpe:2.3:a:postgresql:postgresql:9.4.0:*:*:*:*:*:*:*, cpe:2.3:a:postgresql:postgresql_jdbc_driver:9.4.1201:*:*:*:*:*:*:*",CVE-2019-10127,CWE-284 Improper Access Control,"A vulnerability was found in postgresql versions 11.x prior to 11.3. The Windows installer for BigSQL-supplied PostgreSQL does not lock down the ACL of the binary installation directory or the ACL of the data directory; it keeps the inherited ACL. In the default configuration, an attacker having both an unprivileged Windows account and an unprivileged PostgreSQL account can cause the PostgreSQL service account to execute arbitrary code. An attacker having only the unprivileged Windows account can read arbitrary data directory files, essentially bypassing database-imposed read access limitations. An attacker having only the unprivileged Windows account can also delete certain data directory files.",NVD,MEDIUM,4.3,/AV:L/AC:L/Au:S/C:P/I:P/A:P,HIGH,8.8,CVSS:3.1/AV:L/AC:L/PR:L/UI:N/S:C/C:H/I:H/A:H,"",15
scadenzaassistenza,"Mon, 30 May 2022 17:14:35 +0200",postgresql-9.4-1201.jdbc4.jar,C:\Users\2038\Desktop\Desktop\GitHub\SCEREV\export\scadenzaassistenza\lib\postgresql-9.4-1201.jdbc4.jar,"","",42200af7dcc45451450e1ec6104b7336,b46544ef0eaf0405504089dcc71f36e3f190ef09,"","cpe:2.3:a:postgresql:postgresql:9.4.0:*:*:*:*:*:*:*, cpe:2.3:a:postgresql:postgresql_jdbc_driver:9.4.1201:*:*:*:*:*:*:*",CVE-2019-10208,CWE-89 Improper Neutralization of Special Elements used in an SQL Command ('SQL Injection'),"A flaw was discovered in postgresql versions 9.4.x before 9.4.24, 9.5.x before 9.5.19, 9.6.x before 9.6.15, 10.x before 10.10 and 11.x before 11.5 where arbitrary SQL statements can be executed given a suitable SECURITY DEFINER function. An attacker, with EXECUTE permission on the function, can execute arbitrary SQL as the owner of the function.",NVD,MEDIUM,6.5,/AV:N/AC:L/Au:S/C:P/I:P/A:P,HIGH,8.8,CVSS:3.1/AV:N/AC:L/PR:L/UI:N/S:U/C:H/I:H/A:H,"",15
scadenzaassistenza,"Mon, 30 May 2022 17:14:35 +0200",postgresql-9.4-1201.jdbc4.jar,C:\Users\2038\Desktop\Desktop\GitHub\SCEREV\export\scadenzaassistenza\lib\postgresql-9.4-1201.jdbc4.jar,"","",42200af7dcc45451450e1ec6104b7336,b46544ef0eaf0405504089dcc71f36e3f190ef09,"","cpe:2.3:a:postgresql:postgresql:9.4.0:*:*:*:*:*:*:*, cpe:2.3:a:postgresql:postgresql_jdbc_driver:9.4.1201:*:*:*:*:*:*:*",CVE-2020-25695,CWE-89 Improper Neutralization of Special Elements used in an SQL Command ('SQL Injection'),"A flaw was found in PostgreSQL versions before 13.1, before 12.5, before 11.10, before 10.15, before 9.6.20 and before 9.5.24. An attacker having permission to create non-temporary objects in at least one schema can execute arbitrary SQL functions under the identity of a superuser. The highest threat from this vulnerability is to data confidentiality and integrity as well as system availability.",NVD,MEDIUM,6.5,/AV:N/AC:L/Au:S/C:P/I:P/A:P,HIGH,8.8,CVSS:3.1/AV:N/AC:L/PR:L/UI:N/S:U/C:H/I:H/A:H,"",15
scadenzaassistenza,"Mon, 30 May 2022 17:14:35 +0200",postgresql-9.4-1201.jdbc4.jar,C:\Users\2038\Desktop\Desktop\GitHub\SCEREV\export\scadenzaassistenza\lib\postgresql-9.4-1201.jdbc4.jar,"","",42200af7dcc45451450e1ec6104b7336,b46544ef0eaf0405504089dcc71f36e3f190ef09,"","cpe:2.3:a:postgresql:postgresql:9.4.0:*:*:*:*:*:*:*, cpe:2.3:a:postgresql:postgresql_jdbc_driver:9.4.1201:*:*:*:*:*:*:*",CVE-2016-7048,CWE-284 Improper Access Control,"The interactive installer in PostgreSQL before 9.3.15, 9.4.x before 9.4.10, and 9.5.x before 9.5.5 might allow remote attackers to execute arbitrary code by leveraging use of HTTP to download software.",NVD,HIGH,9.3,/AV:N/AC:M/Au:N/C:C/I:C/A:C,HIGH,8.1,CVSS:3.0/AV:N/AC:H/PR:N/UI:N/S:U/C:H/I:H/A:H,"",15
scadenzaassistenza,"Mon, 30 May 2022 17:14:35 +0200",postgresql-9.4-1201.jdbc4.jar,C:\Users\2038\Desktop\Desktop\GitHub\SCEREV\export\scadenzaassistenza\lib\postgresql-9.4-1201.jdbc4.jar,"","",42200af7dcc45451450e1ec6104b7336,b46544ef0eaf0405504089dcc71f36e3f190ef09,"","cpe:2.3:a:postgresql:postgresql:9.4.0:*:*:*:*:*:*:*, cpe:2.3:a:postgresql:postgresql_jdbc_driver:9.4.1201:*:*:*:*:*:*:*",CVE-2018-10925,CWE-863 Incorrect Authorization,"It was discovered that PostgreSQL versions before 10.5, 9.6.10, 9.5.14, 9.4.19, and 9.3.24 failed to properly check authorization on certain statements involved with ""INSERT ... ON CONFLICT DO UPDATE"". An attacker with ""CREATE TABLE"" privileges could exploit this to read arbitrary bytes server memory. If the attacker also had certain ""INSERT"" and limited ""UPDATE"" privileges to a particular table, they could exploit this to update other columns in the same table.",NVD,MEDIUM,5.5,/AV:N/AC:L/Au:S/C:P/I:P/A:N,HIGH,8.1,CVSS:3.0/AV:N/AC:L/PR:L/UI:N/S:U/C:H/I:H/A:N,"",15
scadenzaassistenza,"Mon, 30 May 2022 17:14:35 +0200",postgresql-9.4-1201.jdbc4.jar,C:\Users\2038\Desktop\Desktop\GitHub\SCEREV\export\scadenzaassistenza\lib\postgresql-9.4-1201.jdbc4.jar,"","",42200af7dcc45451450e1ec6104b7336,b46544ef0eaf0405504089dcc71f36e3f190ef09,"","cpe:2.3:a:postgresql:postgresql:9.4.0:*:*:*:*:*:*:*, cpe:2.3:a:postgresql:postgresql_jdbc_driver:9.4.1201:*:*:*:*:*:*:*",CVE-2018-10936,CWE-297 Improper Validation of Certificate with Host Mismatch,"A weakness was found in postgresql-jdbc before version 42.2.5. It was possible to provide an SSL Factory and not check the host name if a host name verifier was not provided to the driver. This could lead to a condition where a man-in-the-middle attacker could masquerade as a trusted server by providing a certificate for the wrong host, as long as it was signed by a trusted CA.",NVD,MEDIUM,6.8,/AV:N/AC:M/Au:N/C:P/I:P/A:P,HIGH,8.1,CVSS:3.0/AV:N/AC:H/PR:N/UI:N/S:U/C:H/I:H/A:H,"",15
scadenzaassistenza,"Mon, 30 May 2022 17:14:35 +0200",postgresql-9.4-1201.jdbc4.jar,C:\Users\2038\Desktop\Desktop\GitHub\SCEREV\export\scadenzaassistenza\lib\postgresql-9.4-1201.jdbc4.jar,"","",42200af7dcc45451450e1ec6104b7336,b46544ef0eaf0405504089dcc71f36e3f190ef09,"","cpe:2.3:a:postgresql:postgresql:9.4.0:*:*:*:*:*:*:*, cpe:2.3:a:postgresql:postgresql_jdbc_driver:9.4.1201:*:*:*:*:*:*:*",CVE-2020-25694,CWE-327 Use of a Broken or Risky Cryptographic Algorithm,"A flaw was found in PostgreSQL versions before 13.1, before 12.5, before 11.10, before 10.15, before 9.6.20 and before 9.5.24. If a client application that creates additional database connections only reuses the basic connection parameters while dropping security-relevant parameters, an opportunity for a man-in-the-middle attack, or the ability to observe clear-text transmissions, could exist. The highest threat from this vulnerability is to data confidentiality and integrity as well as system availability.",NVD,MEDIUM,6.8,/AV:N/AC:M/Au:N/C:P/I:P/A:P,HIGH,8.1,CVSS:3.1/AV:N/AC:H/PR:N/UI:N/S:U/C:H/I:H/A:H,"",15
scadenzaassistenza,"Mon, 30 May 2022 17:14:35 +0200",postgresql-9.4-1201.jdbc4.jar,C:\Users\2038\Desktop\Desktop\GitHub\SCEREV\export\scadenzaassistenza\lib\postgresql-9.4-1201.jdbc4.jar,"","",42200af7dcc45451450e1ec6104b7336,b46544ef0eaf0405504089dcc71f36e3f190ef09,"","cpe:2.3:a:postgresql:postgresql:9.4.0:*:*:*:*:*:*:*, cpe:2.3:a:postgresql:postgresql_jdbc_driver:9.4.1201:*:*:*:*:*:*:*",CVE-2021-23214,CWE-89 Improper Neutralization of Special Elements used in an SQL Command ('SQL Injection'),"When the server is configured to use trust authentication with a clientcert requirement or to use cert authentication, a man-in-the-middle attacker can inject arbitrary SQL queries when a connection is first established, despite the use of SSL certificate verification and encryption.",NVD,MEDIUM,5.1,/AV:N/AC:H/Au:N/C:P/I:P/A:P,HIGH,8.1,CVSS:3.1/AV:N/AC:H/PR:N/UI:N/S:U/C:H/I:H/A:H,"",15
scadenzaassistenza,"Mon, 30 May 2022 17:14:35 +0200",postgresql-9.4-1201.jdbc4.jar,C:\Users\2038\Desktop\Desktop\GitHub\SCEREV\export\scadenzaassistenza\lib\postgresql-9.4-1201.jdbc4.jar,"","",42200af7dcc45451450e1ec6104b7336,b46544ef0eaf0405504089dcc71f36e3f190ef09,"","cpe:2.3:a:postgresql:postgresql:9.4.0:*:*:*:*:*:*:*, cpe:2.3:a:postgresql:postgresql_jdbc_driver:9.4.1201:*:*:*:*:*:*:*",CVE-2019-10128,CWE-284 Improper Access Control,"A vulnerability was found in postgresql versions 11.x prior to 11.3. The Windows installer for EnterpriseDB-supplied PostgreSQL does not lock down the ACL of the binary installation directory or the ACL of the data directory; it keeps the inherited ACL. In the default configuration, this allows a local attacker to read arbitrary data directory files, essentially bypassing database-imposed read access limitations. In plausible non-default configurations, an attacker having both an unprivileged Windows account and an unprivileged PostgreSQL account can cause the PostgreSQL service account to execute arbitrary code.",NVD,MEDIUM,4.1,/AV:L/AC:M/Au:S/C:P/I:P/A:P,HIGH,7.8,CVSS:3.1/AV:L/AC:L/PR:L/UI:N/S:U/C:H/I:H/A:H,"",15
scadenzaassistenza,"Mon, 30 May 2022 17:14:35 +0200",postgresql-9.4-1201.jdbc4.jar,C:\Users\2038\Desktop\Desktop\GitHub\SCEREV\export\scadenzaassistenza\lib\postgresql-9.4-1201.jdbc4.jar,"","",42200af7dcc45451450e1ec6104b7336,b46544ef0eaf0405504089dcc71f36e3f190ef09,"","cpe:2.3:a:postgresql:postgresql:9.4.0:*:*:*:*:*:*:*, cpe:2.3:a:postgresql:postgresql_jdbc_driver:9.4.1201:*:*:*:*:*:*:*",CVE-2020-13692,CWE-611 Improper Restriction of XML External Entity Reference ('XXE'),PostgreSQL JDBC Driver (aka PgJDBC) before 42.2.13 allows XXE.,NVD,MEDIUM,6.8,/AV:N/AC:M/Au:N/C:P/I:P/A:P,HIGH,7.7,CVSS:3.1/AV:N/AC:H/PR:N/UI:N/S:U/C:H/I:L/A:H,"",15
scadenzaassistenza,"Mon, 30 May 2022 17:14:35 +0200",postgresql-9.4-1201.jdbc4.jar,C:\Users\2038\Desktop\Desktop\GitHub\SCEREV\export\scadenzaassistenza\lib\postgresql-9.4-1201.jdbc4.jar,"","",42200af7dcc45451450e1ec6104b7336,b46544ef0eaf0405504089dcc71f36e3f190ef09,"","cpe:2.3:a:postgresql:postgresql:9.4.0:*:*:*:*:*:*:*, cpe:2.3:a:postgresql:postgresql_jdbc_driver:9.4.1201:*:*:*:*:*:*:*",CVE-2015-3167,CWE-200 Information Exposure,"contrib/pgcrypto in PostgreSQL before 9.0.20, 9.1.x before 9.1.16, 9.2.x before 9.2.11, 9.3.x before 9.3.7, and 9.4.x before 9.4.2 uses different error responses when an incorrect key is used, which makes it easier for attackers to obtain the key via a brute force attack.",NVD,MEDIUM,5.0,/AV:N/AC:L/Au:N/C:P/I:N/A:N,HIGH,7.5,CVSS:3.1/AV:N/AC:L/PR:N/UI:N/S:U/C:H/I:N/A:N,"",15
scadenzaassistenza,"Mon, 30 May 2022 17:14:35 +0200",postgresql-9.4-1201.jdbc4.jar,C:\Users\2038\Desktop\Desktop\GitHub\SCEREV\export\scadenzaassistenza\lib\postgresql-9.4-1201.jdbc4.jar,"","",42200af7dcc45451450e1ec6104b7336,b46544ef0eaf0405504089dcc71f36e3f190ef09,"","cpe:2.3:a:postgresql:postgresql:9.4.0:*:*:*:*:*:*:*, cpe:2.3:a:postgresql:postgresql_jdbc_driver:9.4.1201:*:*:*:*:*:*:*",CVE-2018-10915,CWE-89 Improper Neutralization of Special Elements used in an SQL Command ('SQL Injection'),"A vulnerability was found in libpq, the default PostgreSQL client library where libpq failed to properly reset its internal state between connections. If an affected version of libpq was used with ""host"" or ""hostaddr"" connection parameters from untrusted input, attackers could bypass client-side connection security features, obtain access to higher privileged connections or potentially cause other impact through SQL injection, by causing the PQescape() functions to malfunction. Postgresql versions before 10.5, 9.6.10, 9.5.14, 9.4.19, and 9.3.24 are affected.",NVD,MEDIUM,6.0,/AV:N/AC:M/Au:S/C:P/I:P/A:P,HIGH,7.5,CVSS:3.0/AV:N/AC:H/PR:L/UI:N/S:U/C:H/I:H/A:H,"",15
scadenzaassistenza,"Mon, 30 May 2022 17:14:35 +0200",postgresql-9.4-1201.jdbc4.jar,C:\Users\2038\Desktop\Desktop\GitHub\SCEREV\export\scadenzaassistenza\lib\postgresql-9.4-1201.jdbc4.jar,"","",42200af7dcc45451450e1ec6104b7336,b46544ef0eaf0405504089dcc71f36e3f190ef09,"","cpe:2.3:a:postgresql:postgresql:9.4.0:*:*:*:*:*:*:*, cpe:2.3:a:postgresql:postgresql_jdbc_driver:9.4.1201:*:*:*:*:*:*:*",CVE-2019-9193,CWE-78 Improper Neutralization of Special Elements used in an OS Command ('OS Command Injection'),"** DISPUTED ** In PostgreSQL 9.3 through 11.2, the ""COPY TO/FROM PROGRAM"" function allows superusers and users in the 'pg_execute_server_program' group to execute arbitrary code in the context of the database's operating system user. This functionality is enabled by default and can be abused to run arbitrary operating system commands on Windows, Linux, and macOS. NOTE: Third parties claim/state this is not an issue because PostgreSQL functionality for ‘COPY TO/FROM PROGRAM’ is acting as intended. References state that in PostgreSQL, a superuser can execute commands as the server user without using the ‘COPY FROM PROGRAM’.",NVD,HIGH,9.0,/AV:N/AC:L/Au:S/C:C/I:C/A:C,HIGH,7.2,CVSS:3.0/AV:N/AC:L/PR:H/UI:N/S:U/C:H/I:H/A:H,"",15
scadenzaassistenza,"Mon, 30 May 2022 17:14:35 +0200",postgresql-9.4-1201.jdbc4.jar,C:\Users\2038\Desktop\Desktop\GitHub\SCEREV\export\scadenzaassistenza\lib\postgresql-9.4-1201.jdbc4.jar,"","",42200af7dcc45451450e1ec6104b7336,b46544ef0eaf0405504089dcc71f36e3f190ef09,"","cpe:2.3:a:postgresql:postgresql:9.4.0:*:*:*:*:*:*:*, cpe:2.3:a:postgresql:postgresql_jdbc_driver:9.4.1201:*:*:*:*:*:*:*",CVE-2017-14798,CWE-362 Concurrent Execution using Shared Resource with Improper Synchronization ('Race Condition'),A race condition in the postgresql init script could be used by attackers able to access the postgresql account to escalate their privileges to root.,NVD,MEDIUM,6.9,/AV:L/AC:M/Au:N/C:C/I:C/A:C,HIGH,7.0,CVSS:3.0/AV:L/AC:H/PR:L/UI:N/S:U/C:H/I:H/A:H,"",15
scadenzaassistenza,"Mon, 30 May 2022 17:14:35 +0200",postgresql-9.4-1201.jdbc4.jar,C:\Users\2038\Desktop\Desktop\GitHub\SCEREV\export\scadenzaassistenza\lib\postgresql-9.4-1201.jdbc4.jar,"","",42200af7dcc45451450e1ec6104b7336,b46544ef0eaf0405504089dcc71f36e3f190ef09,"","cpe:2.3:a:postgresql:postgresql:9.4.0:*:*:*:*:*:*:*, cpe:2.3:a:postgresql:postgresql_jdbc_driver:9.4.1201:*:*:*:*:*:*:*",CVE-2018-1053,CWE-732 Incorrect Permission Assignment for Critical Resource,"In postgresql 9.3.x before 9.3.21, 9.4.x before 9.4.16, 9.5.x before 9.5.11, 9.6.x before 9.6.7 and 10.x before 10.2, pg_upgrade creates file in current working directory containing the output of `pg_dumpall -g` under umask which was in effect when the user invoked pg_upgrade, and not under 0077 which is normally used for other temporary files. This can allow an authenticated attacker to read or modify the one file, which may contain encrypted or unencrypted database passwords. The attack is infeasible if a directory mode blocks the attacker searching the current working directory or if the prevailing umask blocks the attacker opening the file.",NVD,LOW,3.3,/AV:L/AC:M/Au:N/C:P/I:P/A:N,HIGH,7.0,CVSS:3.0/AV:L/AC:H/PR:L/UI:N/S:U/C:H/I:H/A:H,"",15
scadenzaassistenza,"Mon, 30 May 2022 17:14:35 +0200",postgresql-9.4-1201.jdbc4.jar,C:\Users\2038\Desktop\Desktop\GitHub\SCEREV\export\scadenzaassistenza\lib\postgresql-9.4-1201.jdbc4.jar,"","",42200af7dcc45451450e1ec6104b7336,b46544ef0eaf0405504089dcc71f36e3f190ef09,"","cpe:2.3:a:postgresql:postgresql:9.4.0:*:*:*:*:*:*:*, cpe:2.3:a:postgresql:postgresql_jdbc_driver:9.4.1201:*:*:*:*:*:*:*",CVE-2019-10210,CWE-522 Insufficiently Protected Credentials,"Postgresql Windows installer before versions 11.5, 10.10, 9.6.15, 9.5.19, 9.4.24 is vulnerable via superuser writing password to unprotected temporary file.",NVD,LOW,1.9,/AV:L/AC:M/Au:N/C:P/I:N/A:N,HIGH,7.0,CVSS:3.1/AV:L/AC:H/PR:L/UI:N/S:U/C:H/I:H/A:H,"",15
scadenzaassistenza,"Mon, 30 May 2022 17:14:35 +0200",postgresql-9.4-1201.jdbc4.jar,C:\Users\2038\Desktop\Desktop\GitHub\SCEREV\export\scadenzaassistenza\lib\postgresql-9.4-1201.jdbc4.jar,"","",42200af7dcc45451450e1ec6104b7336,b46544ef0eaf0405504089dcc71f36e3f190ef09,"","cpe:2.3:a:postgresql:postgresql:9.4.0:*:*:*:*:*:*:*, cpe:2.3:a:postgresql:postgresql_jdbc_driver:9.4.1201:*:*:*:*:*:*:*",CVE-2015-5288,CWE-200 Information Exposure,"The crypt function in contrib/pgcrypto in PostgreSQL before 9.0.23, 9.1.x before 9.1.19, 9.2.x before 9.2.14, 9.3.x before 9.3.10, and 9.4.x before 9.4.5 allows attackers to cause a denial of service (server crash) or read arbitrary server memory via a ""too-short"" salt.",NVD,MEDIUM,6.4,/AV:N/AC:L/Au:N/C:P/I:N/A:P,"","","","",15
scadenzaassistenza,"Mon, 30 May 2022 17:14:35 +0200",postgresql-9.4-1201.jdbc4.jar,C:\Users\2038\Desktop\Desktop\GitHub\SCEREV\export\scadenzaassistenza\lib\postgresql-9.4-1201.jdbc4.jar,"","",42200af7dcc45451450e1ec6104b7336,b46544ef0eaf0405504089dcc71f36e3f190ef09,"","cpe:2.3:a:postgresql:postgresql:9.4.0:*:*:*:*:*:*:*, cpe:2.3:a:postgresql:postgresql_jdbc_driver:9.4.1201:*:*:*:*:*:*:*",CVE-2015-5289,CWE-119 Improper Restriction of Operations within the Bounds of a Memory Buffer,"Multiple stack-based buffer overflows in json parsing in PostgreSQL before 9.3.x before 9.3.10 and 9.4.x before 9.4.5 allow attackers to cause a denial of service (server crash) via unspecified vectors, which are not properly handled in (1) json or (2) jsonb values.",NVD,MEDIUM,6.4,/AV:N/AC:L/Au:N/C:P/I:N/A:P,"","","","",15
scadenzaassistenza,"Mon, 30 May 2022 17:14:35 +0200",postgresql-9.4-1201.jdbc4.jar,C:\Users\2038\Desktop\Desktop\GitHub\SCEREV\export\scadenzaassistenza\lib\postgresql-9.4-1201.jdbc4.jar,"","",42200af7dcc45451450e1ec6104b7336,b46544ef0eaf0405504089dcc71f36e3f190ef09,"","cpe:2.3:a:postgresql:postgresql:9.4.0:*:*:*:*:*:*:*, cpe:2.3:a:postgresql:postgresql_jdbc_driver:9.4.1201:*:*:*:*:*:*:*",CVE-2014-8161,CWE-209 Information Exposure Through an Error Message,"PostgreSQL before 9.0.19, 9.1.x before 9.1.15, 9.2.x before 9.2.10, 9.3.x before 9.3.6, and 9.4.x before 9.4.1 allows remote authenticated users to obtain sensitive column values by triggering constraint violation and then reading the error message.",NVD,MEDIUM,4.0,/AV:N/AC:L/Au:S/C:P/I:N/A:N,MEDIUM,4.3,CVSS:3.1/AV:N/AC:L/PR:L/UI:N/S:U/C:L/I:N/A:N,"",15
scadenzaassistenza,"Mon, 30 May 2022 17:14:35 +0200",postgresql-9.4-1201.jdbc4.jar,C:\Users\2038\Desktop\Desktop\GitHub\SCEREV\export\scadenzaassistenza\lib\postgresql-9.4-1201.jdbc4.jar,"","",42200af7dcc45451450e1ec6104b7336,b46544ef0eaf0405504089dcc71f36e3f190ef09,"","cpe:2.3:a:postgresql:postgresql:9.4.0:*:*:*:*:*:*:*, cpe:2.3:a:postgresql:postgresql_jdbc_driver:9.4.1201:*:*:*:*:*:*:*",CVE-2015-3165,NVD-CWE-Other,"Double free vulnerability in PostgreSQL before 9.0.20, 9.1.x before 9.1.16, 9.2.x before 9.2.11, 9.3.x before 9.3.7, and 9.4.x before 9.4.2 allows remote attackers to cause a denial of service (crash) by closing an SSL session at a time when the authentication timeout will expire during the session shutdown sequence.",NVD,MEDIUM,4.3,/AV:N/AC:M/Au:N/C:N/I:N/A:P,"","","","",15
scadenzaassistenza,"Mon, 30 May 2022 17:14:35 +0200",postgresql-9.4-1201.jdbc4.jar,C:\Users\2038\Desktop\Desktop\GitHub\SCEREV\export\scadenzaassistenza\lib\postgresql-9.4-1201.jdbc4.jar,"","",42200af7dcc45451450e1ec6104b7336,b46544ef0eaf0405504089dcc71f36e3f190ef09,"","cpe:2.3:a:postgresql:postgresql:9.4.0:*:*:*:*:*:*:*, cpe:2.3:a:postgresql:postgresql_jdbc_driver:9.4.1201:*:*:*:*:*:*:*",CVE-2021-3393,CWE-209 Information Exposure Through an Error Message,"An information leak was discovered in postgresql in versions before 13.2, before 12.6 and before 11.11. A user having UPDATE permission but not SELECT permission to a particular column could craft queries which, under some circumstances, might disclose values from that column in error messages. An attacker could use this flaw to obtain information stored in a column they are allowed to write but not read.",NVD,LOW,3.5,/AV:N/AC:M/Au:S/C:P/I:N/A:N,MEDIUM,4.3,CVSS:3.1/AV:N/AC:L/PR:L/UI:N/S:U/C:L/I:N/A:N,"",15
scadenzaassistenza,"Mon, 30 May 2022 17:14:35 +0200",spring-core-4.3.24.RELEASE.jar,C:\Users\2038\Desktop\Desktop\GitHub\SCEREV\export\scadenzaassistenza\lib\spring-core-4.3.24.RELEASE.jar,Spring Core,"Apache License, Version 2.0: https://www.apache.org/licenses/LICENSE-2.0",5bb1b87111de83750a64b2134550aeec,bb5a008df42823caca680824245d0398567da2e5,pkg:maven/org.springframework/spring-core@4.3.24.RELEASE,"cpe:2.3:a:pivotal_software:spring_framework:4.3.24:release:*:*:*:*:*:*, cpe:2.3:a:springsource:spring_framework:4.3.24:release:*:*:*:*:*:*, cpe:2.3:a:vmware:spring_framework:4.3.24:release:*:*:*:*:*:*, cpe:2.3:a:vmware:springsource_spring_framework:4.3.24:release:*:*:*:*:*:*",CVE-2016-1000027,CWE-502 Deserialization of Untrusted Data,"Pivotal Spring Framework through 5.3.16 suffers from a potential remote code execution (RCE) issue if used for Java deserialization of untrusted data. Depending on how the library is implemented within a product, this issue may or not occur, and authentication may be required. NOTE: the vendor's position is that untrusted data is not an intended use case. The product's behavior will not be changed because some users rely on deserialization of trusted data.",NVD,HIGH,7.5,/AV:N/AC:L/Au:N/C:P/I:P/A:P,CRITICAL,9.8,CVSS:3.1/AV:N/AC:L/PR:N/UI:N/S:U/C:H/I:H/A:H,HIGH,35
scadenzaassistenza,"Mon, 30 May 2022 17:14:35 +0200",spring-core-4.3.24.RELEASE.jar,C:\Users\2038\Desktop\Desktop\GitHub\SCEREV\export\scadenzaassistenza\lib\spring-core-4.3.24.RELEASE.jar,Spring Core,"Apache License, Version 2.0: https://www.apache.org/licenses/LICENSE-2.0",5bb1b87111de83750a64b2134550aeec,bb5a008df42823caca680824245d0398567da2e5,pkg:maven/org.springframework/spring-core@4.3.24.RELEASE,"cpe:2.3:a:pivotal_software:spring_framework:4.3.24:release:*:*:*:*:*:*, cpe:2.3:a:springsource:spring_framework:4.3.24:release:*:*:*:*:*:*, cpe:2.3:a:vmware:spring_framework:4.3.24:release:*:*:*:*:*:*, cpe:2.3:a:vmware:springsource_spring_framework:4.3.24:release:*:*:*:*:*:*",CVE-2022-22965,CWE-94 Improper Control of Generation of Code ('Code Injection'),"A Spring MVC or Spring WebFlux application running on JDK 9+ may be vulnerable to remote code execution (RCE) via data binding. The specific exploit requires the application to run on Tomcat as a WAR deployment. If the application is deployed as a Spring Boot executable jar, i.e. the default, it is not vulnerable to the exploit. However, the nature of the vulnerability is more general, and there may be other ways to exploit it.",NVD,HIGH,7.5,/AV:N/AC:L/Au:N/C:P/I:P/A:P,CRITICAL,9.8,CVSS:3.1/AV:N/AC:L/PR:N/UI:N/S:U/C:H/I:H/A:H,HIGH,35
scadenzaassistenza,"Mon, 30 May 2022 17:14:35 +0200",spring-core-4.3.24.RELEASE.jar,C:\Users\2038\Desktop\Desktop\GitHub\SCEREV\export\scadenzaassistenza\lib\spring-core-4.3.24.RELEASE.jar,Spring Core,"Apache License, Version 2.0: https://www.apache.org/licenses/LICENSE-2.0",5bb1b87111de83750a64b2134550aeec,bb5a008df42823caca680824245d0398567da2e5,pkg:maven/org.springframework/spring-core@4.3.24.RELEASE,"cpe:2.3:a:pivotal_software:spring_framework:4.3.24:release:*:*:*:*:*:*, cpe:2.3:a:springsource:spring_framework:4.3.24:release:*:*:*:*:*:*, cpe:2.3:a:vmware:spring_framework:4.3.24:release:*:*:*:*:*:*, cpe:2.3:a:vmware:springsource_spring_framework:4.3.24:release:*:*:*:*:*:*",CVE-2020-5421,NVD-CWE-noinfo,"In Spring Framework versions 5.2.0 - 5.2.8, 5.1.0 - 5.1.17, 5.0.0 - 5.0.18, 4.3.0 - 4.3.28, and older unsupported versions, the protections against RFD attacks from CVE-2015-5211 may be bypassed depending on the browser used through the use of a jsessionid path parameter.",NVD,LOW,3.6,/AV:N/AC:H/Au:S/C:P/I:P/A:N,MEDIUM,6.5,CVSS:3.1/AV:N/AC:H/PR:L/UI:R/S:C/C:L/I:H/A:N,HIGH,35
scadenzaassistenza,"Mon, 30 May 2022 17:14:35 +0200",spring-core-4.3.24.RELEASE.jar,C:\Users\2038\Desktop\Desktop\GitHub\SCEREV\export\scadenzaassistenza\lib\spring-core-4.3.24.RELEASE.jar,Spring Core,"Apache License, Version 2.0: https://www.apache.org/licenses/LICENSE-2.0",5bb1b87111de83750a64b2134550aeec,bb5a008df42823caca680824245d0398567da2e5,pkg:maven/org.springframework/spring-core@4.3.24.RELEASE,"cpe:2.3:a:pivotal_software:spring_framework:4.3.24:release:*:*:*:*:*:*, cpe:2.3:a:springsource:spring_framework:4.3.24:release:*:*:*:*:*:*, cpe:2.3:a:vmware:spring_framework:4.3.24:release:*:*:*:*:*:*, cpe:2.3:a:vmware:springsource_spring_framework:4.3.24:release:*:*:*:*:*:*",CVE-2022-22968,CWE-178 Improper Handling of Case Sensitivity,"In Spring Framework versions 5.3.0 - 5.3.18, 5.2.0 - 5.2.20, and older unsupported versions, the patterns for disallowedFields on a DataBinder are case sensitive which means a field is not effectively protected unless it is listed with both upper and lower case for the first character of the field, including upper and lower case for the first character of all nested fields within the property path.",NVD,MEDIUM,5.0,/AV:N/AC:L/Au:N/C:N/I:P/A:N,MEDIUM,5.3,CVSS:3.1/AV:N/AC:L/PR:N/UI:N/S:U/C:N/I:L/A:N,HIGH,35
scadenzaassistenza,"Mon, 30 May 2022 17:14:35 +0200",spring-expression-4.3.24.RELEASE.jar,C:\Users\2038\Desktop\Desktop\GitHub\SCEREV\export\scadenzaassistenza\lib\spring-expression-4.3.24.RELEASE.jar,Spring Expression Language (SpEL),"Apache License, Version 2.0: https://www.apache.org/licenses/LICENSE-2.0",585e342cf0ecb3739363298cf7efa6a3,458aa5086c378489dde64566a25925823159b6e6,pkg:maven/org.springframework/spring-expression@4.3.24.RELEASE,"cpe:2.3:a:pivotal_software:spring_framework:4.3.24:release:*:*:*:*:*:*, cpe:2.3:a:springsource:spring_framework:4.3.24:release:*:*:*:*:*:*, cpe:2.3:a:vmware:spring_framework:4.3.24:release:*:*:*:*:*:*",CVE-2016-1000027,CWE-502 Deserialization of Untrusted Data,"Pivotal Spring Framework through 5.3.16 suffers from a potential remote code execution (RCE) issue if used for Java deserialization of untrusted data. Depending on how the library is implemented within a product, this issue may or not occur, and authentication may be required. NOTE: the vendor's position is that untrusted data is not an intended use case. The product's behavior will not be changed because some users rely on deserialization of trusted data.",NVD,HIGH,7.5,/AV:N/AC:L/Au:N/C:P/I:P/A:P,CRITICAL,9.8,CVSS:3.1/AV:N/AC:L/PR:N/UI:N/S:U/C:H/I:H/A:H,HIGH,36
scadenzaassistenza,"Mon, 30 May 2022 17:14:35 +0200",spring-expression-4.3.24.RELEASE.jar,C:\Users\2038\Desktop\Desktop\GitHub\SCEREV\export\scadenzaassistenza\lib\spring-expression-4.3.24.RELEASE.jar,Spring Expression Language (SpEL),"Apache License, Version 2.0: https://www.apache.org/licenses/LICENSE-2.0",585e342cf0ecb3739363298cf7efa6a3,458aa5086c378489dde64566a25925823159b6e6,pkg:maven/org.springframework/spring-expression@4.3.24.RELEASE,"cpe:2.3:a:pivotal_software:spring_framework:4.3.24:release:*:*:*:*:*:*, cpe:2.3:a:springsource:spring_framework:4.3.24:release:*:*:*:*:*:*, cpe:2.3:a:vmware:spring_framework:4.3.24:release:*:*:*:*:*:*",CVE-2022-22965,CWE-94 Improper Control of Generation of Code ('Code Injection'),"A Spring MVC or Spring WebFlux application running on JDK 9+ may be vulnerable to remote code execution (RCE) via data binding. The specific exploit requires the application to run on Tomcat as a WAR deployment. If the application is deployed as a Spring Boot executable jar, i.e. the default, it is not vulnerable to the exploit. However, the nature of the vulnerability is more general, and there may be other ways to exploit it.",NVD,HIGH,7.5,/AV:N/AC:L/Au:N/C:P/I:P/A:P,CRITICAL,9.8,CVSS:3.1/AV:N/AC:L/PR:N/UI:N/S:U/C:H/I:H/A:H,HIGH,36
scadenzaassistenza,"Mon, 30 May 2022 17:14:35 +0200",spring-expression-4.3.24.RELEASE.jar,C:\Users\2038\Desktop\Desktop\GitHub\SCEREV\export\scadenzaassistenza\lib\spring-expression-4.3.24.RELEASE.jar,Spring Expression Language (SpEL),"Apache License, Version 2.0: https://www.apache.org/licenses/LICENSE-2.0",585e342cf0ecb3739363298cf7efa6a3,458aa5086c378489dde64566a25925823159b6e6,pkg:maven/org.springframework/spring-expression@4.3.24.RELEASE,"cpe:2.3:a:pivotal_software:spring_framework:4.3.24:release:*:*:*:*:*:*, cpe:2.3:a:springsource:spring_framework:4.3.24:release:*:*:*:*:*:*, cpe:2.3:a:vmware:spring_framework:4.3.24:release:*:*:*:*:*:*",CVE-2020-5421,NVD-CWE-noinfo,"In Spring Framework versions 5.2.0 - 5.2.8, 5.1.0 - 5.1.17, 5.0.0 - 5.0.18, 4.3.0 - 4.3.28, and older unsupported versions, the protections against RFD attacks from CVE-2015-5211 may be bypassed depending on the browser used through the use of a jsessionid path parameter.",NVD,LOW,3.6,/AV:N/AC:H/Au:S/C:P/I:P/A:N,MEDIUM,6.5,CVSS:3.1/AV:N/AC:H/PR:L/UI:R/S:C/C:L/I:H/A:N,HIGH,36
scadenzaassistenza,"Mon, 30 May 2022 17:14:35 +0200",spring-expression-4.3.24.RELEASE.jar,C:\Users\2038\Desktop\Desktop\GitHub\SCEREV\export\scadenzaassistenza\lib\spring-expression-4.3.24.RELEASE.jar,Spring Expression Language (SpEL),"Apache License, Version 2.0: https://www.apache.org/licenses/LICENSE-2.0",585e342cf0ecb3739363298cf7efa6a3,458aa5086c378489dde64566a25925823159b6e6,pkg:maven/org.springframework/spring-expression@4.3.24.RELEASE,"cpe:2.3:a:pivotal_software:spring_framework:4.3.24:release:*:*:*:*:*:*, cpe:2.3:a:springsource:spring_framework:4.3.24:release:*:*:*:*:*:*, cpe:2.3:a:vmware:spring_framework:4.3.24:release:*:*:*:*:*:*",CVE-2022-22950,CWE-770 Allocation of Resources Without Limits or Throttling,"n Spring Framework versions 5.3.0 - 5.3.16 and older unsupported versions, it is possible for a user to provide a specially crafted SpEL expression that may cause a denial of service condition.",OSSINDEX,MEDIUM,6.5,/AV:N/AC:L/Au:/C:N/I:N/A:H,"","","",HIGH,36
scadenzaassistenza,"Mon, 30 May 2022 17:14:35 +0200",spring-expression-4.3.24.RELEASE.jar,C:\Users\2038\Desktop\Desktop\GitHub\SCEREV\export\scadenzaassistenza\lib\spring-expression-4.3.24.RELEASE.jar,Spring Expression Language (SpEL),"Apache License, Version 2.0: https://www.apache.org/licenses/LICENSE-2.0",585e342cf0ecb3739363298cf7efa6a3,458aa5086c378489dde64566a25925823159b6e6,pkg:maven/org.springframework/spring-expression@4.3.24.RELEASE,"cpe:2.3:a:pivotal_software:spring_framework:4.3.24:release:*:*:*:*:*:*, cpe:2.3:a:springsource:spring_framework:4.3.24:release:*:*:*:*:*:*, cpe:2.3:a:vmware:spring_framework:4.3.24:release:*:*:*:*:*:*",CVE-2022-22968,CWE-178 Improper Handling of Case Sensitivity,"In Spring Framework versions 5.3.0 - 5.3.18, 5.2.0 - 5.2.20, and older unsupported versions, the patterns for disallowedFields on a DataBinder are case sensitive which means a field is not effectively protected unless it is listed with both upper and lower case for the first character of the field, including upper and lower case for the first character of all nested fields within the property path.",NVD,MEDIUM,5.0,/AV:N/AC:L/Au:N/C:N/I:P/A:N,MEDIUM,5.3,CVSS:3.1/AV:N/AC:L/PR:N/UI:N/S:U/C:N/I:L/A:N,HIGH,36
scadenzaassistenza,"Mon, 30 May 2022 17:14:35 +0200",spring-tx-4.3.24.RELEASE.jar,C:\Users\2038\Desktop\Desktop\GitHub\SCEREV\export\scadenzaassistenza\lib\spring-tx-4.3.24.RELEASE.jar,Spring Transaction,"Apache License, Version 2.0: https://www.apache.org/licenses/LICENSE-2.0",95fa2239c4bc2dacac586ae3c42758e4,d00d1fa2ca7bc1c05c1c89eaab3f32a1d6a7cc32,pkg:maven/org.springframework/spring-tx@4.3.24.RELEASE,"cpe:2.3:a:pivotal_software:spring_framework:4.3.24:release:*:*:*:*:*:*, cpe:2.3:a:springsource:spring_framework:4.3.24:release:*:*:*:*:*:*, cpe:2.3:a:vmware:spring_framework:4.3.24:release:*:*:*:*:*:*",CVE-2016-1000027,CWE-502 Deserialization of Untrusted Data,"Pivotal Spring Framework through 5.3.16 suffers from a potential remote code execution (RCE) issue if used for Java deserialization of untrusted data. Depending on how the library is implemented within a product, this issue may or not occur, and authentication may be required. NOTE: the vendor's position is that untrusted data is not an intended use case. The product's behavior will not be changed because some users rely on deserialization of trusted data.",NVD,HIGH,7.5,/AV:N/AC:L/Au:N/C:P/I:P/A:P,CRITICAL,9.8,CVSS:3.1/AV:N/AC:L/PR:N/UI:N/S:U/C:H/I:H/A:H,HIGH,33
scadenzaassistenza,"Mon, 30 May 2022 17:14:35 +0200",spring-tx-4.3.24.RELEASE.jar,C:\Users\2038\Desktop\Desktop\GitHub\SCEREV\export\scadenzaassistenza\lib\spring-tx-4.3.24.RELEASE.jar,Spring Transaction,"Apache License, Version 2.0: https://www.apache.org/licenses/LICENSE-2.0",95fa2239c4bc2dacac586ae3c42758e4,d00d1fa2ca7bc1c05c1c89eaab3f32a1d6a7cc32,pkg:maven/org.springframework/spring-tx@4.3.24.RELEASE,"cpe:2.3:a:pivotal_software:spring_framework:4.3.24:release:*:*:*:*:*:*, cpe:2.3:a:springsource:spring_framework:4.3.24:release:*:*:*:*:*:*, cpe:2.3:a:vmware:spring_framework:4.3.24:release:*:*:*:*:*:*",CVE-2022-22965,CWE-94 Improper Control of Generation of Code ('Code Injection'),"A Spring MVC or Spring WebFlux application running on JDK 9+ may be vulnerable to remote code execution (RCE) via data binding. The specific exploit requires the application to run on Tomcat as a WAR deployment. If the application is deployed as a Spring Boot executable jar, i.e. the default, it is not vulnerable to the exploit. However, the nature of the vulnerability is more general, and there may be other ways to exploit it.",NVD,HIGH,7.5,/AV:N/AC:L/Au:N/C:P/I:P/A:P,CRITICAL,9.8,CVSS:3.1/AV:N/AC:L/PR:N/UI:N/S:U/C:H/I:H/A:H,HIGH,33
scadenzaassistenza,"Mon, 30 May 2022 17:14:35 +0200",spring-tx-4.3.24.RELEASE.jar,C:\Users\2038\Desktop\Desktop\GitHub\SCEREV\export\scadenzaassistenza\lib\spring-tx-4.3.24.RELEASE.jar,Spring Transaction,"Apache License, Version 2.0: https://www.apache.org/licenses/LICENSE-2.0",95fa2239c4bc2dacac586ae3c42758e4,d00d1fa2ca7bc1c05c1c89eaab3f32a1d6a7cc32,pkg:maven/org.springframework/spring-tx@4.3.24.RELEASE,"cpe:2.3:a:pivotal_software:spring_framework:4.3.24:release:*:*:*:*:*:*, cpe:2.3:a:springsource:spring_framework:4.3.24:release:*:*:*:*:*:*, cpe:2.3:a:vmware:spring_framework:4.3.24:release:*:*:*:*:*:*",CVE-2020-5421,NVD-CWE-noinfo,"In Spring Framework versions 5.2.0 - 5.2.8, 5.1.0 - 5.1.17, 5.0.0 - 5.0.18, 4.3.0 - 4.3.28, and older unsupported versions, the protections against RFD attacks from CVE-2015-5211 may be bypassed depending on the browser used through the use of a jsessionid path parameter.",NVD,LOW,3.6,/AV:N/AC:H/Au:S/C:P/I:P/A:N,MEDIUM,6.5,CVSS:3.1/AV:N/AC:H/PR:L/UI:R/S:C/C:L/I:H/A:N,HIGH,33
scadenzaassistenza,"Mon, 30 May 2022 17:14:35 +0200",spring-tx-4.3.24.RELEASE.jar,C:\Users\2038\Desktop\Desktop\GitHub\SCEREV\export\scadenzaassistenza\lib\spring-tx-4.3.24.RELEASE.jar,Spring Transaction,"Apache License, Version 2.0: https://www.apache.org/licenses/LICENSE-2.0",95fa2239c4bc2dacac586ae3c42758e4,d00d1fa2ca7bc1c05c1c89eaab3f32a1d6a7cc32,pkg:maven/org.springframework/spring-tx@4.3.24.RELEASE,"cpe:2.3:a:pivotal_software:spring_framework:4.3.24:release:*:*:*:*:*:*, cpe:2.3:a:springsource:spring_framework:4.3.24:release:*:*:*:*:*:*, cpe:2.3:a:vmware:spring_framework:4.3.24:release:*:*:*:*:*:*",CVE-2022-22968,CWE-178 Improper Handling of Case Sensitivity,"In Spring Framework versions 5.3.0 - 5.3.18, 5.2.0 - 5.2.20, and older unsupported versions, the patterns for disallowedFields on a DataBinder are case sensitive which means a field is not effectively protected unless it is listed with both upper and lower case for the first character of the field, including upper and lower case for the first character of all nested fields within the property path.",NVD,MEDIUM,5.0,/AV:N/AC:L/Au:N/C:N/I:P/A:N,MEDIUM,5.3,CVSS:3.1/AV:N/AC:L/PR:N/UI:N/S:U/C:N/I:L/A:N,HIGH,33
